INSERT INTO public.t_post (id_post, pos_x, pos_y, pos_i) VALUES (78, 45.745, 4.841944, 0);
INSERT INTO public.t_post (id_post, pos_x, pos_y, pos_i) VALUES (88, 45.8108333, 4.93833, 0);
INSERT INTO public.t_post (id_post, pos_x, pos_y, pos_i) VALUES (103, 45.763382, 4.880056, 0);
INSERT INTO public.t_post (id_post, pos_x, pos_y, pos_i) VALUES (95, 45.7411111, 4.81833, 0);
INSERT INTO public.t_post (id_post, pos_x, pos_y, pos_i) VALUES (119, 45.690291, 4.665733, 0);
INSERT INTO public.t_post (id_post, pos_x, pos_y, pos_i) VALUES (83, 45.7675, 4.88972222, 0);
INSERT INTO public.t_post (id_post, pos_x, pos_y, pos_i) VALUES (79, 45.7477778, 4.86527, 0);
INSERT INTO public.t_post (id_post, pos_x, pos_y, pos_i) VALUES (77, 45.7705556, 4.86333, 0);
INSERT INTO public.t_post (id_post, pos_x, pos_y, pos_i) VALUES (94, 45.76055, 4.8336108, 0);
INSERT INTO public.t_post (id_post, pos_x, pos_y, pos_i) VALUES (97, 45.760555, 4.93361, 0);
INSERT INTO public.t_post (id_post, pos_x, pos_y, pos_i) VALUES (76, 45.7677778, 4.835, 0);
INSERT INTO public.t_post (id_post, pos_x, pos_y, pos_i) VALUES (105, 45.806164, 4.750981, 0);
INSERT INTO public.t_post (id_post, pos_x, pos_y, pos_i) VALUES (72, 45.760683, 4.819929, 0);
INSERT INTO public.t_post (id_post, pos_x, pos_y, pos_i) VALUES (75, 45.7483333, 4.82555, 0);
INSERT INTO public.t_post (id_post, pos_x, pos_y, pos_i) VALUES (73, 45.7619444, 4.8272, 0);
INSERT INTO public.t_post (id_post, pos_x, pos_y, pos_i) VALUES (85, 45.7263889, 4.83055, 0);
INSERT INTO public.t_post (id_post, pos_x, pos_y, pos_i) VALUES (96, 45.760555, 4.83361, 0);
INSERT INTO public.t_post (id_post, pos_x, pos_y, pos_i) VALUES (104, 45.819565, 4.895625, 0);
INSERT INTO public.t_post (id_post, pos_x, pos_y, pos_i) VALUES (121, 45.927921, 4.737495, 0);
INSERT INTO public.t_post (id_post, pos_x, pos_y, pos_i) VALUES (87, 45.7794444, 4.8275, 0);
INSERT INTO public.t_post (id_post, pos_x, pos_y, pos_i) VALUES (120, 45.810231, 4.596841, 0);
INSERT INTO public.t_post (id_post, pos_x, pos_y, pos_i) VALUES (116, 45.629422, 4.939229, 0);
INSERT INTO public.t_post (id_post, pos_x, pos_y, pos_i) VALUES (74, 45.76187, 4.857437, 0);
INSERT INTO public.t_post (id_post, pos_x, pos_y, pos_i) VALUES (107, 45.759875, 4.758326, 0);
INSERT INTO public.t_post (id_post, pos_x, pos_y, pos_i) VALUES (100, 45.67214, 4.898802, 0);
INSERT INTO public.t_post (id_post, pos_x, pos_y, pos_i) VALUES (111, 45.732561, 4.996642, 0);
INSERT INTO public.t_post (id_post, pos_x, pos_y, pos_i) VALUES (80, 45.7577778, 4.83222, 0);
INSERT INTO public.t_post (id_post, pos_x, pos_y, pos_i) VALUES (114, 45.644941, 5.013143, 0);
INSERT INTO public.t_post (id_post, pos_x, pos_y, pos_i) VALUES (102, 45.697722, 4.886455, 0);
INSERT INTO public.t_post (id_post, pos_x, pos_y, pos_i) VALUES (109, 45.664622, 4.958841, 0);
INSERT INTO public.t_post (id_post, pos_x, pos_y, pos_i) VALUES (115, 45.610372, 5.155515, 0);
INSERT INTO public.t_post (id_post, pos_x, pos_y, pos_i) VALUES (108, 45.709712, 4.852633, 0);
INSERT INTO public.t_post (id_post, pos_x, pos_y, pos_i) VALUES (117, 45.673341, 4.822045, 0);
INSERT INTO public.t_post (id_post, pos_x, pos_y, pos_i) VALUES (82, 45.7694444, 4.85333, 0);
INSERT INTO public.t_post (id_post, pos_x, pos_y, pos_i) VALUES (113, 45.670541, 4.856123, 0);
INSERT INTO public.t_post (id_post, pos_x, pos_y, pos_i) VALUES (84, 45.7311111, 4.83333, 0);
INSERT INTO public.t_post (id_post, pos_x, pos_y, pos_i) VALUES (112, 45.695161, 4.791114, 0);
INSERT INTO public.t_post (id_post, pos_x, pos_y, pos_i) VALUES (90, 45.7255556, 5.08111, 0);
INSERT INTO public.t_post (id_post, pos_x, pos_y, pos_i) VALUES (89, 45.7802778, 4.80361, 0);
INSERT INTO public.t_post (id_post, pos_x, pos_y, pos_i) VALUES (110, 45.767062, 5.003037, 0);
INSERT INTO public.t_post (id_post, pos_x, pos_y, pos_i) VALUES (81, 45.7636111, 4.83638, 3);
INSERT INTO public.t_post (id_post, pos_x, pos_y, pos_i) VALUES (92, 45.72555, 5.0702749, 0);
INSERT INTO public.t_post (id_post, pos_x, pos_y, pos_i) VALUES (101, 45.742787, 4.971591, 0);
INSERT INTO public.t_post (id_post, pos_x, pos_y, pos_i) VALUES (106, 45.775522, 4.779369, 0);
INSERT INTO public.t_post (id_post, pos_x, pos_y, pos_i) VALUES (86, 45.73, 4.825, 0);
INSERT INTO public.t_post (id_post, pos_x, pos_y, pos_i) VALUES (118, 45.673979, 4.754071, 0);
INSERT INTO public.t_post (id_post, pos_x, pos_y, pos_i) VALUES (99, 45.714667, 4.805411, 0);
INSERT INTO public.t_post (id_post, pos_x, pos_y, pos_i) VALUES (93, 45.72555, 5.0702774, 0);
INSERT INTO public.t_post (id_post, pos_x, pos_y, pos_i) VALUES (98, 45.736717, 4.797622, 4);
INSERT INTO public.t_post (id_post, pos_x, pos_y, pos_i) VALUES (71, 45.75, 4.85, 0);
INSERT INTO public.t_post (id_post, pos_x, pos_y, pos_i) VALUES (91, 45.7255555, 5.07027, 0);


INSERT INTO public.t_caserne (id_caserne, nom_caserne, caserne_x, caserne_y) VALUES (1, 'Pierre Corneille', 45.762785, 4.843926);
INSERT INTO public.t_caserne (id_caserne, nom_caserne, caserne_x, caserne_y) VALUES (2, 'La Duchère''', 45.7908, 4.79795);

INSERT INTO public.t_camion (id_camion, immatriculation_camion, capacite_camion, id_caserne, camion_x, camion_y) VALUES (2, 'AAZ-LYO-BFD-69', 3, 1, 45.762787, 4.843926);
INSERT INTO public.t_camion (id_camion, immatriculation_camion, capacite_camion, id_caserne, camion_x, camion_y) VALUES (10, 'AXQ-LYO-WQB-69', 3, 2, 45.7908, 4.79795);
INSERT INTO public.t_camion (id_camion, immatriculation_camion, capacite_camion, id_caserne, camion_x, camion_y) VALUES (8, 'AGF-LYO-FSB-69', 9, 2, 45.81023, 4.596841);
INSERT INTO public.t_camion (id_camion, immatriculation_camion, capacite_camion, id_caserne, camion_x, camion_y) VALUES (11, 'AGE-LYO-CVB-69', 4, 2, 45.7908, 4.79795);
INSERT INTO public.t_camion (id_camion, immatriculation_camion, capacite_camion, id_caserne, camion_x, camion_y) VALUES (12, 'ASD-LYO-BSB-69', 7, 2, 45.7908, 4.79795);
INSERT INTO public.t_camion (id_camion, immatriculation_camion, capacite_camion, id_caserne, camion_x, camion_y) VALUES (1, 'AAA-LYO-MLP-69', 2, 1, 45.762787, 4.843926);
INSERT INTO public.t_camion (id_camion, immatriculation_camion, capacite_camion, id_caserne, camion_x, camion_y) VALUES (3, 'AXC-LYO-BXX-69', 1, 1, 45.762787, 4.843926);
INSERT INTO public.t_camion (id_camion, immatriculation_camion, capacite_camion, id_caserne, camion_x, camion_y) VALUES (4, 'ADF-LYO-BDQ-69', 5, 1, 45.762787, 4.843926);
INSERT INTO public.t_camion (id_camion, immatriculation_camion, capacite_camion, id_caserne, camion_x, camion_y) VALUES (13, 'VBF-LYO-BOB-69', 1, 2, 45.7908, 4.79795);
INSERT INTO public.t_camion (id_camion, immatriculation_camion, capacite_camion, id_caserne, camion_x, camion_y) VALUES (5, 'ASD-LYO-VDS-69', 6, 1, 45.762787, 4.843926);
INSERT INTO public.t_camion (id_camion, immatriculation_camion, capacite_camion, id_caserne, camion_x, camion_y) VALUES (7, 'ACX-LYO-BQB-69', 4, 1, 45.762787, 4.843926);
INSERT INTO public.t_camion (id_camion, immatriculation_camion, capacite_camion, id_caserne, camion_x, camion_y) VALUES (9, 'AAS-LYO-VDB-69', 7, 2, 45.7908, 4.79795);
INSERT INTO public.t_camion (id_camion, immatriculation_camion, capacite_camion, id_caserne, camion_x, camion_y) VALUES (6, 'AQS-LYO-CDB-69', 3, 1, 45.762787, 4.843926);